{"cameraMode":{"drawMode":0,"name":"Shaded","section":"Shading Mode"},"sceneLighting":true,"audioPlay":false,"sceneViewState":{"showFog":true,"showMaterialUpdate":false,"showSkybox":true,"showFlares":true,"showImageEffects":true,"showParticleSystems":true},"in2DMode":false,"pivot":{"x":-3.531250238418579,"y":2.260113477706909,"z":-11.277521133422852},"rotation":{"x":0.0037223079707473518,"y":-0.9349980354309082,"z":0.009817887097597123,"w":0.35449880361557009},"size":4.4980573654174809,"orthographic":false}