{"cameraMode":{"drawMode":0,"name":"Shaded","section":"Shading Mode"},"sceneLighting":true,"audioPlay":false,"sceneViewState":{"showFog":true,"showMaterialUpdate":false,"showSkybox":false,"showFlares":true,"showImageEffects":true,"showParticleSystems":true},"in2DMode":false,"pivot":{"x":-0.24445295333862306,"y":-0.004617482423782349,"z":0.0029344558715820314},"rotation":{"x":0.005177331622689962,"y":-0.9918930530548096,"z":0.11960014700889588,"w":0.04288572445511818},"size":1.0919747352600098,"orthographic":false}