{"cameraMode":{"drawMode":0,"name":"Shaded","section":"Shading Mode"},"sceneLighting":false,"audioPlay":false,"sceneViewState":{"showFog":true,"showMaterialUpdate":false,"showSkybox":false,"showFlares":true,"showImageEffects":true,"showParticleSystems":true},"in2DMode":false,"pivot":{"x":1.1077929735183716,"y":3.169039726257324,"z":-2.6593503952026369},"rotation":{"x":-0.212447851896286,"y":0.07988294214010239,"z":-0.017846517264842988,"w":-0.9738938808441162},"size":0.7573428750038147,"orthographic":false}