{"cameraMode":{"drawMode":0,"name":"Shaded","section":"Shading Mode"},"sceneLighting":false,"audioPlay":false,"sceneViewState":{"showFog":true,"showMaterialUpdate":false,"showSkybox":false,"showFlares":true,"showImageEffects":true,"showParticleSystems":true},"in2DMode":false,"pivot":{"x":-13.89986515045166,"y":3.995997905731201,"z":-12.30402946472168},"rotation":{"x":0.044286761432886127,"y":0.9035455584526062,"z":0.09434539824724198,"w":-0.4161378741264343},"size":10.0,"orthographic":false}