{"cameraMode":{"drawMode":0,"name":"Shaded","section":"Shading Mode"},"sceneLighting":true,"audioPlay":false,"sceneViewState":{"showFog":true,"showMaterialUpdate":false,"showSkybox":true,"showFlares":true,"showImageEffects":true,"showParticleSystems":true},"in2DMode":false,"pivot":{"x":13.697759628295899,"y":2.4443271160125734,"z":0.4074065685272217},"rotation":{"x":0.0030681516509503128,"y":0.9783369898796082,"z":-0.2076159119606018,"w":0.013478230684995652},"size":0.6012829542160034,"orthographic":false}